Model,Accuracy,Precision,Recall,F1,MCC,AUC
Logistic Regression,0.8076666666666666,0.6868250539956804,0.23963828183873398,0.3553072625698324,0.32444311464457076,0.7076355036089734
Decision Tree,0.7151666666666666,0.3704206241519674,0.4114544084400904,0.3898607640128526,0.20522734213814212,0.6078802355270565
kNN,0.7928333333333333,0.548723897911833,0.35644310474755087,0.4321608040201005,0.3232672232965524,0.7014353649555052
Naive Bayes,0.7525,0.4514742014742015,0.5538809344385832,0.49746192893401014,0.33862043928395225,0.7249303386463403
Random Forest,0.8133333333333334,0.63564875491481,0.3654860587792012,0.46411483253588515,0.381192763804875,0.7539762889346049
XGBoost,0.8188333333333333,0.6626016260162602,0.36850037678975134,0.47360774818401935,0.39832483189401563,0.7725383244281513
